stefan.ro95@gmail.com - popescu7
bmarin@gmail.com - bmarin1234
mstanciu@gmail.com - mstanciu1234
mgheorghe@gmail.com - mgheorghe1234
erusu@gmail.com	- erusu1234
scristian@gmail.com - scristian1234
nyoung@gmail.com - nyoung1234
mbanciu@gmail.com - mbanciu1234
abalan@gmail.com - abalan1234
afratila@gmail.com - afratila1234
nmanolache@gmail.com - nmanolache1234
asdffdsa@a.com - asdffdsa1